137400_G..N14R,G,N,1G 2254 CHU/CRS,G..N14R,137400_G..N14R 2025-03-18,2025-03-18,True,2025-03-18 22:54:00,STOPPED_AT,G22N,20,Court Sq,True,False,2025-03-18 23:35:02
138200_G..S14R,G,S,1G 2302 CRS/CHU,G..S14R,138200_G..S14R 2025-03-18,2025-03-18,True,2025-03-18 23:02:00,STOPPED_AT,F25S,18,Church Av,True,False,2025-03-18 23:35:35
138700_G..N14R,G,N,1G 2307 CHU/CRS,G..N14R,138700_G..N14R 2025-03-18,2025-03-18,True,2025-03-18 23:07:00,STOPPED_AT,G28N,17,Court Sq,True,False,2025-03-18 23:35:35
140400_G..N14X003,G,N,1G 2324 CHU/CRS,G..N14X003,140400_G..N14X003 2025-03-18,2025-03-18,True,2025-03-18 23:24:00,STOPPED_AT,F22N,5,Court Sq,True,False,2025-03-18 23:35:35
139600_G..S14R,G,S,1G 2316 CRS/CHU,G..S14R,139600_G..S14R 2025-03-18,2025-03-18,True,2025-03-18 23:16:00,STOPPED_AT,F20S,13,Church Av,True,False,2025-03-18 23:35:35
141000_G..S14R,G,S,1G 2330 CRS/CHU,G..S14R,141000_G..S14R 2025-03-18,2025-03-18,True,2025-03-18 23:30:00,STOPPED_AT,G26S,2,Church Av,True,False,2025-03-18 23:35:20
141000_G..S14R,G,S,1G 2330 CRS/CHU,G..S14R,141000_G..S14R 2025-03-18,2025-03-18,True,2025-03-18 23:30:00,STOPPED_AT,G28S,3,Church Av,True,False,2025-03-18 23:36:00
140400_G..N14X003,G,N,1G 2324 CHU/CRS,G..N14X003,140400_G..N14X003 2025-03-18,2025-03-18,True,2025-03-18 23:24:00,STOPPED_AT,F21N,6,Court Sq,True,False,2025-03-18 23:36:15
139600_G..S14R,G,S,1G 2316 CRS/CHU,G..S14R,139600_G..S14R 2025-03-18,2025-03-18,True,2025-03-18 23:16:00,STOPPED_AT,F21S,14,Church Av,True,False,2025-03-18 23:36:20
138200_G..S14R,G,S,1G 2302 CRS/CHU,G..S14R,138200_G..S14R 2025-03-18,2025-03-18,True,2025-03-18 23:02:00,STOPPED_AT,F26S,19,Church Av,True,False,2025-03-18 23:36:35
138700_G..N14R,G,N,1G 2307 CHU/CRS,G..N14R,138700_G..N14R 2025-03-18,2025-03-18,True,2025-03-18 23:07:00,STOPPED_AT,G26N,18,Court Sq,True,False,2025-03-18 23:37:15
140400_G..N14X003,G,N,1G 2324 CHU/CRS,G..N14X003,140400_G..N14X003 2025-03-18,2025-03-18,True,2025-03-18 23:24:00,STOPPED_AT,F20N,7,Court Sq,True,False,2025-03-18 23:37:35
139600_G..S14R,G,S,1G 2316 CRS/CHU,G..S14R,139600_G..S14R 2025-03-18,2025-03-18,True,2025-03-18 23:16:00,STOPPED_AT,F22S,15,Church Av,True,False,2025-03-18 23:38:15
141000_G..S14R,G,S,1G 2330 CRS/CHU,G..S14R,141000_G..S14R 2025-03-18,2025-03-18,True,2025-03-18 23:30:00,STOPPED_AT,G29S,4,Church Av,True,False,2025-03-18 23:38:25
138700_G..N14R,G,N,1G 2307 CHU/CRS,G..N14R,138700_G..N14R 2025-03-18,2025-03-18,True,2025-03-18 23:07:00,STOPPED_AT,G24N,19,Court Sq,True,False,2025-03-18 23:39:00
139600_G..S14R,G,S,1G 2316 CRS/CHU,G..S14R,139600_G..S14R 2025-03-18,2025-03-18,True,2025-03-18 23:16:00,STOPPED_AT,F23S,16,Church Av,True,False,2025-03-18 23:39:35
142100_G..N14X003,G,N,1G 2341 CHU/CRS,G..N14X003,142100_G..N14X003 2025-03-18,2025-03-18,False,2025-03-18 23:41:00,IN_TRANSIT_TO,F27N,0,Court Sq,True,False,2025-03-18 23:41:00
141000_G..S14R,G,S,1G 2330 CRS/CHU,G..S14R,141000_G..S14R 2025-03-18,2025-03-18,True,2025-03-18 23:30:00,STOPPED_AT,G30S,5,Church Av,True,False,2025-03-18 23:40:15
142100_G..N14X003,G,N,1G 2341 CHU/CRS,G..N14X003,142100_G..N14X003 2025-03-18,2025-03-18,False,2025-03-18 23:41:00,INCOMING_AT,F27N,0,Court Sq,True,False,2025-03-18 23:41:00
138700_G..N14R,G,N,1G 2307 CHU/CRS,G..N14R,138700_G..N14R 2025-03-18,2025-03-18,True,2025-03-18 23:07:00,STOPPED_AT,G22N,20,Court Sq,True,False,2025-03-18 23:40:31
142100_G..N14X003,G,N,1G 2341 CHU/CRS,G..N14X003,142100_G..N14X003 2025-03-18,2025-03-18,False,2025-03-18 23:41:00,STOPPED_AT,F27N,0,Court Sq,True,False,2025-03-18 23:41:00
139600_G..S14R,G,S,1G 2316 CRS/CHU,G..S14R,139600_G..S14R 2025-03-18,2025-03-18,True,2025-03-18 23:16:00,STOPPED_AT,F24S,17,Church Av,True,False,2025-03-18 23:41:50
141000_G..S14R,G,S,1G 2330 CRS/CHU,G..S14R,141000_G..S14R 2025-03-18,2025-03-18,True,2025-03-18 23:30:00,STOPPED_AT,G31S,6,Church Av,True,False,2025-03-18 23:41:50
141000_G..S14R,G,S,1G 2330 CRS/CHU,G..S14R,141000_G..S14R 2025-03-18,2025-03-18,True,2025-03-18 23:30:00,STOPPED_AT,G32S,7,Church Av,True,False,2025-03-18 23:42:56
142400_G..S14R,G,S,1G 2344 CRS/CHU,G..S14R,142400_G..S14R 2025-03-18,2025-03-18,False,2025-03-18 23:44:00,IN_TRANSIT_TO,G22S,0,Church Av,True,False,2025-03-18 23:44:00
142100_G..N14X003,G,N,1G 2341 CHU/CRS,G..N14X003,142100_G..N14X003 2025-03-18,2025-03-18,True,2025-03-18 23:41:00,STOPPED_AT,F26N,1,Court Sq,True,False,2025-03-18 23:43:00
139600_G..S14R,G,S,1G 2316 CRS/CHU,G..S14R,139600_G..S14R 2025-03-18,2025-03-18,True,2025-03-18 23:16:00,STOPPED_AT,F25S,18,Church Av,True,False,2025-03-18 23:43:25
142400_G..S14R,G,S,1G 2344 CRS/CHU,G..S14R,142400_G..S14R 2025-03-18,2025-03-18,False,2025-03-18 23:44:00,INCOMING_AT,G22S,0,Church Av,True,False,2025-03-18 23:44:00
142400_G..S14R,G,S,1G 2344 CRS/CHU,G..S14R,142400_G..S14R 2025-03-18,2025-03-18,False,2025-03-18 23:44:00,STOPPED_AT,G22S,0,Church Av,True,False,2025-03-18 23:44:00
142400_G..S14R,G,S,1G 2344 CRS/CHU,G..S14R,142400_G..S14R 2025-03-18,2025-03-18,True,2025-03-18 23:44:00,STOPPED_AT,G24S,1,Church Av,True,False,2025-03-18 23:44:25
141000_G..S14R,G,S,1G 2330 CRS/CHU,G..S14R,141000_G..S14R 2025-03-18,2025-03-18,True,2025-03-18 23:30:00,STOPPED_AT,G33S,8,Church Av,True,False,2025-03-18 23:44:50
142100_G..N14X003,G,N,1G 2341 CHU/CRS,G..N14X003,142100_G..N14X003 2025-03-18,2025-03-18,True,2025-03-18 23:41:00,STOPPED_AT,F25N,2,Court Sq,True,False,2025-03-18 23:45:15
139600_G..S14R,G,S,1G 2316 CRS/CHU,G..S14R,139600_G..S14R 2025-03-18,2025-03-18,True,2025-03-18 23:16:00,STOPPED_AT,F26S,19,Church Av,True,False,2025-03-18 23:45:25
138700_G..N14R,G,N,1G 2307 CHU/CRS,G..N14R,138700_G..N14R 2025-03-18,2025-03-18,True,2025-03-18 23:07:00,STOPPED_AT,G22N,20,Court Sq,True,False,2025-03-18 23:40:31
139600_G..S14R,G,S,1G 2316 CRS/CHU,G..S14R,139600_G..S14R 2025-03-18,2025-03-18,True,2025-03-18 23:16:00,STOPPED_AT,F26S,19,Church Av,True,False,2025-03-18 23:46:40
140400_G..N14X003,G,N,1G 2324 CHU/CRS,G..N14X003,140400_G..N14X003 2025-03-18,2025-03-18,True,2025-03-18 23:24:00,STOPPED_AT,A42N,8,Court Sq,True,False,2025-03-18 23:46:50
141000_G..S14R,G,S,1G 2330 CRS/CHU,G..S14R,141000_G..S14R 2025-03-18,2025-03-18,True,2025-03-18 23:30:00,STOPPED_AT,G34S,9,Church Av,True,False,2025-03-18 23:46:50
142100_G..N14X003,G,N,1G 2341 CHU/CRS,G..N14X003,142100_G..N14X003 2025-03-18,2025-03-18,True,2025-03-18 23:41:00,STOPPED_AT,F25N,2,Court Sq,True,False,2025-03-18 23:46:30
142400_G..S14R,G,S,1G 2344 CRS/CHU,G..S14R,142400_G..S14R 2025-03-18,2025-03-18,True,2025-03-18 23:44:00,STOPPED_AT,G24S,1,Church Av,True,False,2025-03-18 23:45:55
142100_G..N14X003,G,N,1G 2341 CHU/CRS,G..N14X003,142100_G..N14X003 2025-03-18,2025-03-18,True,2025-03-18 23:41:00,STOPPED_AT,F24N,3,Court Sq,True,False,2025-03-18 23:47:00
