131700_D..N05R,D,N,1D 2157 STL/205,D..N05R,131700_D..N05R 2025-03-18,2025-03-18,True,2025-03-18 21:57:00,STOPPED_AT,D03N,39,Norwood-205 St,True,False,2025-03-18 23:35:39
132000_D..S05R,D,S,1D 2200 BPK/STL,D..S05R,132000_D..S05R 2025-03-18,2025-03-18,True,2025-03-18 22:00:00,STOPPED_AT,B19S,34,Coney Island-Stillwell Av,True,False,2025-03-18 23:35:35
133300_D..S05R,D,S,1D 2213 BPK/STL,D..S05R,133300_D..S05R 2025-03-18,2025-03-18,True,2025-03-18 22:13:00,STOPPED_AT,B12S,27,Coney Island-Stillwell Av,True,False,2025-03-18 23:35:35
132900_D..N05R,D,N,1D 2209 STL/205,D..N05R,132900_D..N05R 2025-03-18,2025-03-18,True,2025-03-18 22:09:00,STOPPED_AT,D09N,33,Norwood-205 St,True,False,2025-03-18 23:35:35
134500_D..S05R,D,S,1D 2225 BPK/STL,D..S05R,134500_D..S05R 2025-03-18,2025-03-18,True,2025-03-18 22:25:00,STOPPED_AT,R34S,24,Coney Island-Stillwell Av,True,False,2025-03-18 23:35:35
134400_D..N05R,D,N,1D 2224 STL/205,D..N05R,134400_D..N05R 2025-03-18,2025-03-18,True,2025-03-18 22:24:00,STOPPED_AT,A24N,27,Norwood-205 St,True,False,2025-03-18 23:33:05
135650_D..N05R,D,N,1D 2236+ STL/205,D..N05R,135650_D..N05R 2025-03-18,2025-03-18,True,2025-03-18 22:36:30,STOPPED_AT,D20N,22,Norwood-205 St,True,False,2025-03-18 23:32:50
135650_D..S05R,D,S,1D 2236+ BPK/STL,D..S05R,135650_D..S05R 2025-03-18,2025-03-18,True,2025-03-18 22:36:30,STOPPED_AT,R31S,21,Coney Island-Stillwell Av,True,False,2025-03-18 23:35:35
136900_D..S05R,D,S,1D 2249 BPK/STL,D..S05R,136900_D..S05R 2025-03-18,2025-03-18,True,2025-03-18 22:49:00,STOPPED_AT,D21S,18,Coney Island-Stillwell Av,True,False,2025-03-18 23:35:35
137000_D..N05R,D,N,1D 2250 STL/205,D..N05R,137000_D..N05R 2025-03-18,2025-03-18,True,2025-03-18 22:50:00,STOPPED_AT,D22N,20,Norwood-205 St,True,False,2025-03-18 23:35:00
138450_D..N05R,D,N,1D 2304+ STL/205,D..N05R,138450_D..N05R 2025-03-18,2025-03-18,True,2025-03-18 23:04:30,STOPPED_AT,R32N,17,Norwood-205 St,True,False,2025-03-18 23:35:35
138100_D..S05R,D,S,1D 2301 BPK/STL,D..S05R,138100_D..S05R 2025-03-18,2025-03-18,True,2025-03-18 23:01:00,STOPPED_AT,D15S,14,Coney Island-Stillwell Av,True,False,2025-03-18 23:35:35
139200_D..S05R,D,S,1D 2312 BPK/STL,D..S05R,139200_D..S05R 2025-03-18,2025-03-18,True,2025-03-18 23:12:00,STOPPED_AT,D13S,10,Coney Island-Stillwell Av,True,False,2025-03-18 23:35:35
139750_D..N05R,D,N,1D 2317+ STL/205,D..N05R,139750_D..N05R 2025-03-18,2025-03-18,True,2025-03-18 23:17:30,STOPPED_AT,B13N,11,Norwood-205 St,True,False,2025-03-18 23:35:35
141250_D..N05R,D,N,1D 2332+ STL/205,D..N05R,141250_D..N05R 2025-03-18,2025-03-18,True,2025-03-18 23:32:30,STOPPED_AT,B23N,1,Norwood-205 St,True,False,2025-03-18 23:35:35
140800_D..S05R,D,S,1D 2328 BPK/STL,D..S05R,140800_D..S05R 2025-03-18,2025-03-18,True,2025-03-18 23:28:00,STOPPED_AT,D08S,5,Coney Island-Stillwell Av,True,False,2025-03-18 23:35:35
138100_D..S05R,D,S,1D 2301 BPK/STL,D..S05R,138100_D..S05R 2025-03-18,2025-03-18,True,2025-03-18 23:01:00,STOPPED_AT,D16S,15,Coney Island-Stillwell Av,True,False,2025-03-18 23:35:50
137000_D..N05R,D,N,1D 2250 STL/205,D..N05R,137000_D..N05R 2025-03-18,2025-03-18,True,2025-03-18 22:50:00,STOPPED_AT,D21N,21,Norwood-205 St,True,False,2025-03-18 23:35:50
139750_D..N05R,D,N,1D 2317+ STL/205,D..N05R,139750_D..N05R 2025-03-18,2025-03-18,True,2025-03-18 23:17:30,STOPPED_AT,B12N,12,Norwood-205 St,True,False,2025-03-18 23:36:00
132000_D..S05R,D,S,1D 2200 BPK/STL,D..S05R,132000_D..S05R 2025-03-18,2025-03-18,True,2025-03-18 22:00:00,STOPPED_AT,B20S,35,Coney Island-Stillwell Av,True,False,2025-03-18 23:36:16
135650_D..S05R,D,S,1D 2236+ BPK/STL,D..S05R,135650_D..S05R 2025-03-18,2025-03-18,True,2025-03-18 22:36:30,STOPPED_AT,R32S,22,Coney Island-Stillwell Av,True,False,2025-03-18 23:36:15
136900_D..S05R,D,S,1D 2249 BPK/STL,D..S05R,136900_D..S05R 2025-03-18,2025-03-18,True,2025-03-18 22:49:00,STOPPED_AT,D22S,19,Coney Island-Stillwell Av,True,False,2025-03-18 23:36:15
140800_D..S05R,D,S,1D 2328 BPK/STL,D..S05R,140800_D..S05R 2025-03-18,2025-03-18,True,2025-03-18 23:28:00,STOPPED_AT,D09S,6,Coney Island-Stillwell Av,True,False,2025-03-18 23:36:15
134500_D..S05R,D,S,1D 2225 BPK/STL,D..S05R,134500_D..S05R 2025-03-18,2025-03-18,True,2025-03-18 22:25:00,STOPPED_AT,R35S,25,Coney Island-Stillwell Av,True,False,2025-03-18 23:36:35
135650_D..N05R,D,N,1D 2236+ STL/205,D..N05R,135650_D..N05R 2025-03-18,2025-03-18,True,2025-03-18 22:36:30,STOPPED_AT,D17N,23,Norwood-205 St,True,False,2025-03-18 23:36:35
138450_D..N05R,D,N,1D 2304+ STL/205,D..N05R,138450_D..N05R 2025-03-18,2025-03-18,True,2025-03-18 23:04:30,STOPPED_AT,R31N,18,Norwood-205 St,True,False,2025-03-18 23:36:35
133300_D..S05R,D,S,1D 2213 BPK/STL,D..S05R,133300_D..S05R 2025-03-18,2025-03-18,True,2025-03-18 22:13:00,STOPPED_AT,B13S,28,Coney Island-Stillwell Av,True,False,2025-03-18 23:36:51
138100_D..S05R,D,S,1D 2301 BPK/STL,D..S05R,138100_D..S05R 2025-03-18,2025-03-18,True,2025-03-18 23:01:00,STOPPED_AT,D17S,16,Coney Island-Stillwell Av,True,False,2025-03-18 23:37:00
141850_D..S05R,D,S,1D 2338+ 205/STL,D..S05R,141850_D..S05R 2025-03-18,2025-03-18,False,2025-03-18 23:38:30,IN_TRANSIT_TO,D01S,0,Coney Island-Stillwell Av,True,False,2025-03-18 23:38:30
141250_D..N05R,D,N,1D 2332+ STL/205,D..N05R,141250_D..N05R 2025-03-18,2025-03-18,True,2025-03-18 23:32:30,STOPPED_AT,B22N,2,Norwood-205 St,True,False,2025-03-18 23:37:39
131700_D..N05R,D,N,1D 2157 STL/205,D..N05R,131700_D..N05R 2025-03-18,2025-03-18,True,2025-03-18 21:57:00,STOPPED_AT,D01N,40,Norwood-205 St,True,False,2025-03-18 23:37:46
132000_D..S05R,D,S,1D 2200 BPK/STL,D..S05R,132000_D..S05R 2025-03-18,2025-03-18,True,2025-03-18 22:00:00,STOPPED_AT,B21S,36,Coney Island-Stillwell Av,True,False,2025-03-18 23:37:50
132900_D..N05R,D,N,1D 2209 STL/205,D..N05R,132900_D..N05R 2025-03-18,2025-03-18,True,2025-03-18 22:09:00,STOPPED_AT,D08N,34,Norwood-205 St,True,False,2025-03-18 23:37:51
135650_D..S05R,D,S,1D 2236+ BPK/STL,D..S05R,135650_D..S05R 2025-03-18,2025-03-18,True,2025-03-18 22:36:30,STOPPED_AT,R33S,23,Coney Island-Stillwell Av,True,False,2025-03-18 23:37:50
135650_D..N05R,D,N,1D 2236+ STL/205,D..N05R,135650_D..N05R 2025-03-18,2025-03-18,True,2025-03-18 22:36:30,STOPPED_AT,D16N,24,Norwood-205 St,True,False,2025-03-18 23:38:00
139200_D..S05R,D,S,1D 2312 BPK/STL,D..S05R,139200_D..S05R 2025-03-18,2025-03-18,True,2025-03-18 23:12:00,STOPPED_AT,A15S,11,Coney Island-Stillwell Av,True,False,2025-03-18 23:38:00
141850_D..S05R,D,S,1D 2338+ 205/STL,D..S05R,141850_D..S05R 2025-03-18,2025-03-18,False,2025-03-18 23:38:30,INCOMING_AT,D01S,0,Coney Island-Stillwell Av,True,False,2025-03-18 23:38:30
133300_D..S05R,D,S,1D 2213 BPK/STL,D..S05R,133300_D..S05R 2025-03-18,2025-03-18,True,2025-03-18 22:13:00,STOPPED_AT,B14S,29,Coney Island-Stillwell Av,True,False,2025-03-18 23:38:15
141850_D..S05R,D,S,1D 2338+ 205/STL,D..S05R,141850_D..S05R 2025-03-18,2025-03-18,False,2025-03-18 23:38:30,STOPPED_AT,D01S,0,Coney Island-Stillwell Av,True,False,2025-03-18 23:38:30
135650_D..S05R,D,S,1D 2236+ BPK/STL,D..S05R,135650_D..S05R 2025-03-18,2025-03-18,True,2025-03-18 22:36:30,STOPPED_AT,R34S,24,Coney Island-Stillwell Av,True,False,2025-03-18 23:38:36
141850_D..S05R,D,S,1D 2338+ 205/STL,D..S05R,141850_D..S05R 2025-03-18,2025-03-18,True,2025-03-18 23:38:30,STOPPED_AT,D01S,0,Coney Island-Stillwell Av,True,False,2025-03-18 23:38:40
132900_D..N05R,D,N,1D 2209 STL/205,D..N05R,132900_D..N05R 2025-03-18,2025-03-18,True,2025-03-18 22:09:00,STOPPED_AT,D07N,35,Norwood-205 St,True,False,2025-03-18 23:39:10
140800_D..S05R,D,S,1D 2328 BPK/STL,D..S05R,140800_D..S05R 2025-03-18,2025-03-18,True,2025-03-18 23:28:00,STOPPED_AT,D10S,7,Coney Island-Stillwell Av,True,False,2025-03-18 23:39:15
141850_D..S05R,D,S,1D 2338+ 205/STL,D..S05R,141850_D..S05R 2025-03-18,2025-03-18,True,2025-03-18 23:38:30,STOPPED_AT,D03S,1,Coney Island-Stillwell Av,True,False,2025-03-18 23:39:15
132000_D..S05R,D,S,1D 2200 BPK/STL,D..S05R,132000_D..S05R 2025-03-18,2025-03-18,True,2025-03-18 22:00:00,STOPPED_AT,B22S,37,Coney Island-Stillwell Av,True,False,2025-03-18 23:39:25
133300_D..S05R,D,S,1D 2213 BPK/STL,D..S05R,133300_D..S05R 2025-03-18,2025-03-18,True,2025-03-18 22:13:00,STOPPED_AT,B15S,30,Coney Island-Stillwell Av,True,False,2025-03-18 23:39:26
137000_D..N05R,D,N,1D 2250 STL/205,D..N05R,137000_D..N05R 2025-03-18,2025-03-18,True,2025-03-18 22:50:00,STOPPED_AT,D20N,22,Norwood-205 St,True,False,2025-03-18 23:39:25
138450_D..N05R,D,N,1D 2304+ STL/205,D..N05R,138450_D..N05R 2025-03-18,2025-03-18,True,2025-03-18 23:04:30,STOPPED_AT,R30N,19,Norwood-205 St,True,False,2025-03-18 23:39:25
141250_D..N05R,D,N,1D 2332+ STL/205,D..N05R,141250_D..N05R 2025-03-18,2025-03-18,True,2025-03-18 23:32:30,STOPPED_AT,B21N,3,Norwood-205 St,True,False,2025-03-18 23:39:25
134400_D..N05R,D,N,1D 2224 STL/205,D..N05R,134400_D..N05R 2025-03-18,2025-03-18,True,2025-03-18 22:24:00,STOPPED_AT,A15N,28,Norwood-205 St,True,False,2025-03-18 23:39:35
135650_D..N05R,D,N,1D 2236+ STL/205,D..N05R,135650_D..N05R 2025-03-18,2025-03-18,True,2025-03-18 22:36:30,STOPPED_AT,D15N,25,Norwood-205 St,True,False,2025-03-18 23:39:39
134500_D..S05R,D,S,1D 2225 BPK/STL,D..S05R,134500_D..S05R 2025-03-18,2025-03-18,True,2025-03-18 22:25:00,STOPPED_AT,R36S,26,Coney Island-Stillwell Av,True,False,2025-03-18 23:39:50
138100_D..S05R,D,S,1D 2301 BPK/STL,D..S05R,138100_D..S05R 2025-03-18,2025-03-18,True,2025-03-18 23:01:00,STOPPED_AT,D20S,17,Coney Island-Stillwell Av,True,False,2025-03-18 23:39:50
141250_D..N05R,D,N,1D 2332+ STL/205,D..N05R,141250_D..N05R 2025-03-18,2025-03-18,True,2025-03-18 23:32:30,STOPPED_AT,B20N,4,Norwood-205 St,True,False,2025-03-18 23:39:50
132900_D..N05R,D,N,1D 2209 STL/205,D..N05R,132900_D..N05R 2025-03-18,2025-03-18,True,2025-03-18 22:09:00,STOPPED_AT,D06N,36,Norwood-205 St,True,False,2025-03-18 23:40:35
135650_D..S05R,D,S,1D 2236+ BPK/STL,D..S05R,135650_D..S05R 2025-03-18,2025-03-18,True,2025-03-18 22:36:30,STOPPED_AT,R35S,25,Coney Island-Stillwell Av,True,False,2025-03-18 23:40:50
135650_D..N05R,D,N,1D 2236+ STL/205,D..N05R,135650_D..N05R 2025-03-18,2025-03-18,True,2025-03-18 22:36:30,STOPPED_AT,D14N,26,Norwood-205 St,True,False,2025-03-18 23:41:02
133300_D..S05R,D,S,1D 2213 BPK/STL,D..S05R,133300_D..S05R 2025-03-18,2025-03-18,True,2025-03-18 22:13:00,STOPPED_AT,B16S,31,Coney Island-Stillwell Av,True,False,2025-03-18 23:41:16
140800_D..S05R,D,S,1D 2328 BPK/STL,D..S05R,140800_D..S05R 2025-03-18,2025-03-18,True,2025-03-18 23:28:00,STOPPED_AT,D11S,8,Coney Island-Stillwell Av,True,False,2025-03-18 23:41:50
141250_D..N05R,D,N,1D 2332+ STL/205,D..N05R,141250_D..N05R 2025-03-18,2025-03-18,True,2025-03-18 23:32:30,STOPPED_AT,B19N,5,Norwood-205 St,True,False,2025-03-18 23:41:50
138100_D..S05R,D,S,1D 2301 BPK/STL,D..S05R,138100_D..S05R 2025-03-18,2025-03-18,True,2025-03-18 23:01:00,STOPPED_AT,D21S,18,Coney Island-Stillwell Av,True,False,2025-03-18 23:42:00
132000_D..S05R,D,S,1D 2200 BPK/STL,D..S05R,132000_D..S05R 2025-03-18,2025-03-18,True,2025-03-18 22:00:00,STOPPED_AT,B23S,38,Coney Island-Stillwell Av,True,False,2025-03-18 23:42:15
142350_D..S05R,D,S,1D 2343+ BPK/STL,D..S05R,142350_D..S05R 2025-03-18,2025-03-18,False,2025-03-18 23:43:30,IN_TRANSIT_TO,D03S,0,Coney Island-Stillwell Av,True,False,2025-03-18 23:43:30
132900_D..N05R,D,N,1D 2209 STL/205,D..N05R,132900_D..N05R 2025-03-18,2025-03-18,True,2025-03-18 22:09:00,STOPPED_AT,D05N,37,Norwood-205 St,True,False,2025-03-18 23:42:36
135650_D..N05R,D,N,1D 2236+ STL/205,D..N05R,135650_D..N05R 2025-03-18,2025-03-18,True,2025-03-18 22:36:30,STOPPED_AT,A24N,27,Norwood-205 St,True,False,2025-03-18 23:42:38
133300_D..S05R,D,S,1D 2213 BPK/STL,D..S05R,133300_D..S05R 2025-03-18,2025-03-18,True,2025-03-18 22:13:00,STOPPED_AT,B17S,32,Coney Island-Stillwell Av,True,False,2025-03-18 23:42:50
139750_D..N05R,D,N,1D 2317+ STL/205,D..N05R,139750_D..N05R 2025-03-18,2025-03-18,True,2025-03-18 23:17:30,STOPPED_AT,R36N,13,Norwood-205 St,True,False,2025-03-18 23:42:50
142350_D..S05R,D,S,1D 2343+ BPK/STL,D..S05R,142350_D..S05R 2025-03-18,2025-03-18,True,2025-03-18 23:43:30,STOPPED_AT,D03S,0,Coney Island-Stillwell Av,True,False,2025-03-18 23:43:01
134400_D..N05R,D,N,1D 2224 STL/205,D..N05R,134400_D..N05R 2025-03-18,2025-03-18,True,2025-03-18 22:24:00,STOPPED_AT,D13N,29,Norwood-205 St,True,False,2025-03-18 23:43:15
141250_D..N05R,D,N,1D 2332+ STL/205,D..N05R,141250_D..N05R 2025-03-18,2025-03-18,True,2025-03-18 23:32:30,STOPPED_AT,B18N,6,Norwood-205 St,True,False,2025-03-18 23:43:16
134500_D..S05R,D,S,1D 2225 BPK/STL,D..S05R,134500_D..S05R 2025-03-18,2025-03-18,True,2025-03-18 22:25:00,STOPPED_AT,B12S,27,Coney Island-Stillwell Av,True,False,2025-03-18 23:43:38
140800_D..S05R,D,S,1D 2328 BPK/STL,D..S05R,140800_D..S05R 2025-03-18,2025-03-18,True,2025-03-18 23:28:00,STOPPED_AT,D12S,9,Coney Island-Stillwell Av,True,False,2025-03-18 23:43:37
135650_D..S05R,D,S,1D 2236+ BPK/STL,D..S05R,135650_D..S05R 2025-03-18,2025-03-18,True,2025-03-18 22:36:30,STOPPED_AT,R36S,26,Coney Island-Stillwell Av,True,False,2025-03-18 23:43:50
132900_D..N05R,D,N,1D 2209 STL/205,D..N05R,132900_D..N05R 2025-03-18,2025-03-18,True,2025-03-18 22:09:00,STOPPED_AT,D04N,38,Norwood-205 St,True,False,2025-03-18 23:44:15
136900_D..S05R,D,S,1D 2249 BPK/STL,D..S05R,136900_D..S05R 2025-03-18,2025-03-18,True,2025-03-18 22:49:00,STOPPED_AT,R30S,20,Coney Island-Stillwell Av,True,False,2025-03-18 23:44:15
142350_D..S05R,D,S,1D 2343+ BPK/STL,D..S05R,142350_D..S05R 2025-03-18,2025-03-18,True,2025-03-18 23:43:30,STOPPED_AT,D04S,1,Coney Island-Stillwell Av,True,False,2025-03-18 23:44:15
133300_D..S05R,D,S,1D 2213 BPK/STL,D..S05R,133300_D..S05R 2025-03-18,2025-03-18,True,2025-03-18 22:13:00,STOPPED_AT,B18S,33,Coney Island-Stillwell Av,True,False,2025-03-18 23:44:35
137000_D..N05R,D,N,1D 2250 STL/205,D..N05R,137000_D..N05R 2025-03-18,2025-03-18,True,2025-03-18 22:50:00,STOPPED_AT,D17N,23,Norwood-205 St,True,False,2025-03-18 23:44:35
139750_D..N05R,D,N,1D 2317+ STL/205,D..N05R,139750_D..N05R 2025-03-18,2025-03-18,True,2025-03-18 23:17:30,STOPPED_AT,R35N,14,Norwood-205 St,True,False,2025-03-18 23:44:35
141250_D..N05R,D,N,1D 2332+ STL/205,D..N05R,141250_D..N05R 2025-03-18,2025-03-18,True,2025-03-18 23:32:30,STOPPED_AT,B17N,7,Norwood-205 St,True,False,2025-03-18 23:44:35
134400_D..N05R,D,N,1D 2224 STL/205,D..N05R,134400_D..N05R 2025-03-18,2025-03-18,True,2025-03-18 22:24:00,STOPPED_AT,D12N,30,Norwood-205 St,True,False,2025-03-18 23:45:02
132000_D..S05R,D,S,1D 2200 BPK/STL,D..S05R,132000_D..S05R 2025-03-18,2025-03-18,True,2025-03-18 22:00:00,STOPPED_AT,D43S,39,Coney Island-Stillwell Av,True,False,2025-03-18 23:45:05
138100_D..S05R,D,S,1D 2301 BPK/STL,D..S05R,138100_D..S05R 2025-03-18,2025-03-18,True,2025-03-18 23:01:00,STOPPED_AT,D22S,19,Coney Island-Stillwell Av,True,False,2025-03-18 23:45:15
134500_D..S05R,D,S,1D 2225 BPK/STL,D..S05R,134500_D..S05R 2025-03-18,2025-03-18,True,2025-03-18 22:25:00,STOPPED_AT,B13S,28,Coney Island-Stillwell Av,True,False,2025-03-18 23:45:25
140800_D..S05R,D,S,1D 2328 BPK/STL,D..S05R,140800_D..S05R 2025-03-18,2025-03-18,True,2025-03-18 23:28:00,STOPPED_AT,D13S,10,Coney Island-Stillwell Av,True,False,2025-03-18 23:45:35
132000_D..S05R,D,S,1D 2200 BPK/STL,D..S05R,132000_D..S05R 2025-03-18,2025-03-18,True,2025-03-18 22:00:00,STOPPED_AT,D43S,39,Coney Island-Stillwell Av,True,False,2025-03-18 23:45:05
132900_D..N05R,D,N,1D 2209 STL/205,D..N05R,132900_D..N05R 2025-03-18,2025-03-18,True,2025-03-18 22:09:00,STOPPED_AT,D03N,39,Norwood-205 St,True,False,2025-03-18 23:46:50
133300_D..S05R,D,S,1D 2213 BPK/STL,D..S05R,133300_D..S05R 2025-03-18,2025-03-18,True,2025-03-18 22:13:00,STOPPED_AT,B19S,34,Coney Island-Stillwell Av,True,False,2025-03-18 23:46:50
134400_D..N05R,D,N,1D 2224 STL/205,D..N05R,134400_D..N05R 2025-03-18,2025-03-18,True,2025-03-18 22:24:00,STOPPED_AT,D12N,30,Norwood-205 St,True,False,2025-03-18 23:46:25
134500_D..S05R,D,S,1D 2225 BPK/STL,D..S05R,134500_D..S05R 2025-03-18,2025-03-18,True,2025-03-18 22:25:00,STOPPED_AT,B14S,29,Coney Island-Stillwell Av,True,False,2025-03-18 23:46:46
135650_D..S05R,D,S,1D 2236+ BPK/STL,D..S05R,135650_D..S05R 2025-03-18,2025-03-18,True,2025-03-18 22:36:30,STOPPED_AT,R36S,26,Coney Island-Stillwell Av,True,False,2025-03-18 23:46:30
135650_D..N05R,D,N,1D 2236+ STL/205,D..N05R,135650_D..N05R 2025-03-18,2025-03-18,True,2025-03-18 22:36:30,STOPPED_AT,A24N,27,Norwood-205 St,True,False,2025-03-18 23:44:25
136900_D..S05R,D,S,1D 2249 BPK/STL,D..S05R,136900_D..S05R 2025-03-18,2025-03-18,True,2025-03-18 22:49:00,STOPPED_AT,R30S,20,Coney Island-Stillwell Av,True,False,2025-03-18 23:46:25
137000_D..N05R,D,N,1D 2250 STL/205,D..N05R,137000_D..N05R 2025-03-18,2025-03-18,True,2025-03-18 22:50:00,STOPPED_AT,D16N,24,Norwood-205 St,True,False,2025-03-18 23:46:50
138100_D..S05R,D,S,1D 2301 BPK/STL,D..S05R,138100_D..S05R 2025-03-18,2025-03-18,True,2025-03-18 23:01:00,STOPPED_AT,D22S,19,Coney Island-Stillwell Av,True,False,2025-03-18 23:46:50
139200_D..S05R,D,S,1D 2312 BPK/STL,D..S05R,139200_D..S05R 2025-03-18,2025-03-18,True,2025-03-18 23:12:00,STOPPED_AT,A24S,12,Coney Island-Stillwell Av,True,False,2025-03-18 23:46:50
138450_D..N05R,D,N,1D 2304+ STL/205,D..N05R,138450_D..N05R 2025-03-18,2025-03-18,True,2025-03-18 23:04:30,STOPPED_AT,D22N,20,Norwood-205 St,True,False,2025-03-18 23:46:50
139750_D..N05R,D,N,1D 2317+ STL/205,D..N05R,139750_D..N05R 2025-03-18,2025-03-18,True,2025-03-18 23:17:30,STOPPED_AT,R34N,15,Norwood-205 St,True,False,2025-03-18 23:46:50
140800_D..S05R,D,S,1D 2328 BPK/STL,D..S05R,140800_D..S05R 2025-03-18,2025-03-18,True,2025-03-18 23:28:00,STOPPED_AT,D13S,10,Coney Island-Stillwell Av,True,False,2025-03-18 23:46:50
142350_D..S05R,D,S,1D 2343+ BPK/STL,D..S05R,142350_D..S05R 2025-03-18,2025-03-18,True,2025-03-18 23:43:30,STOPPED_AT,D05S,2,Coney Island-Stillwell Av,True,False,2025-03-18 23:46:50
141250_D..N05R,D,N,1D 2332+ STL/205,D..N05R,141250_D..N05R 2025-03-18,2025-03-18,True,2025-03-18 23:32:30,STOPPED_AT,B16N,8,Norwood-205 St,True,False,2025-03-18 23:46:50
142750_D..N05R,D,N,1D 2347+ STL/205,D..N05R,142750_D..N05R 2025-03-18,2025-03-18,False,2025-03-18 23:47:30,IN_TRANSIT_TO,D43N,0,Norwood-205 St,True,False,2025-03-18 23:47:30
132000_D..S05R,D,S,1D 2200 BPK/STL,D..S05R,132000_D..S05R 2025-03-18,2025-03-18,True,2025-03-18 22:00:00,STOPPED_AT,D43S,39,Coney Island-Stillwell Av,True,False,2025-03-18 23:45:05
132900_D..N05R,D,N,1D 2209 STL/205,D..N05R,132900_D..N05R 2025-03-18,2025-03-18,True,2025-03-18 22:09:00,STOPPED_AT,D03N,39,Norwood-205 St,True,False,2025-03-18 23:46:50
133300_D..S05R,D,S,1D 2213 BPK/STL,D..S05R,133300_D..S05R 2025-03-18,2025-03-18,True,2025-03-18 22:13:00,STOPPED_AT,B19S,34,Coney Island-Stillwell Av,True,False,2025-03-18 23:46:50
134400_D..N05R,D,N,1D 2224 STL/205,D..N05R,134400_D..N05R 2025-03-18,2025-03-18,True,2025-03-18 22:24:00,STOPPED_AT,D12N,30,Norwood-205 St,True,False,2025-03-18 23:46:25
134500_D..S05R,D,S,1D 2225 BPK/STL,D..S05R,134500_D..S05R 2025-03-18,2025-03-18,True,2025-03-18 22:25:00,STOPPED_AT,B14S,29,Coney Island-Stillwell Av,True,False,2025-03-18 23:46:46
135650_D..S05R,D,S,1D 2236+ BPK/STL,D..S05R,135650_D..S05R 2025-03-18,2025-03-18,True,2025-03-18 22:36:30,STOPPED_AT,R36S,26,Coney Island-Stillwell Av,True,False,2025-03-18 23:46:30
135650_D..N05R,D,N,1D 2236+ STL/205,D..N05R,135650_D..N05R 2025-03-18,2025-03-18,True,2025-03-18 22:36:30,STOPPED_AT,A24N,27,Norwood-205 St,True,False,2025-03-18 23:44:25
136900_D..S05R,D,S,1D 2249 BPK/STL,D..S05R,136900_D..S05R 2025-03-18,2025-03-18,True,2025-03-18 22:49:00,STOPPED_AT,R30S,20,Coney Island-Stillwell Av,True,False,2025-03-18 23:46:25
137000_D..N05R,D,N,1D 2250 STL/205,D..N05R,137000_D..N05R 2025-03-18,2025-03-18,True,2025-03-18 22:50:00,STOPPED_AT,D16N,24,Norwood-205 St,True,False,2025-03-18 23:46:50
138100_D..S05R,D,S,1D 2301 BPK/STL,D..S05R,138100_D..S05R 2025-03-18,2025-03-18,True,2025-03-18 23:01:00,STOPPED_AT,D22S,19,Coney Island-Stillwell Av,True,False,2025-03-18 23:46:50
139200_D..S05R,D,S,1D 2312 BPK/STL,D..S05R,139200_D..S05R 2025-03-18,2025-03-18,True,2025-03-18 23:12:00,STOPPED_AT,A24S,12,Coney Island-Stillwell Av,True,False,2025-03-18 23:46:50
138450_D..N05R,D,N,1D 2304+ STL/205,D..N05R,138450_D..N05R 2025-03-18,2025-03-18,True,2025-03-18 23:04:30,STOPPED_AT,D22N,20,Norwood-205 St,True,False,2025-03-18 23:46:50
139750_D..N05R,D,N,1D 2317+ STL/205,D..N05R,139750_D..N05R 2025-03-18,2025-03-18,True,2025-03-18 23:17:30,STOPPED_AT,R34N,15,Norwood-205 St,True,False,2025-03-18 23:46:50
140800_D..S05R,D,S,1D 2328 BPK/STL,D..S05R,140800_D..S05R 2025-03-18,2025-03-18,True,2025-03-18 23:28:00,STOPPED_AT,D13S,10,Coney Island-Stillwell Av,True,False,2025-03-18 23:46:50
142350_D..S05R,D,S,1D 2343+ BPK/STL,D..S05R,142350_D..S05R 2025-03-18,2025-03-18,True,2025-03-18 23:43:30,STOPPED_AT,D05S,2,Coney Island-Stillwell Av,True,False,2025-03-18 23:46:50
141250_D..N05R,D,N,1D 2332+ STL/205,D..N05R,141250_D..N05R 2025-03-18,2025-03-18,True,2025-03-18 23:32:30,STOPPED_AT,B16N,8,Norwood-205 St,True,False,2025-03-18 23:46:50
142750_D..N05R,D,N,1D 2347+ STL/205,D..N05R,142750_D..N05R 2025-03-18,2025-03-18,False,2025-03-18 23:47:30,IN_TRANSIT_TO,D43N,0,Norwood-205 St,True,False,2025-03-18 23:47:30
134400_D..N05R,D,N,1D 2224 STL/205,D..N05R,134400_D..N05R 2025-03-18,2025-03-18,True,2025-03-18 22:24:00,STOPPED_AT,D11N,31,Norwood-205 St,True,False,2025-03-18 23:47:02
142750_D..N05R,D,N,1D 2347+ STL/205,D..N05R,142750_D..N05R 2025-03-18,2025-03-18,False,2025-03-18 23:47:30,INCOMING_AT,D43N,0,Norwood-205 St,True,False,2025-03-18 23:47:30
