138000_FS.S01R,FS,S,1FS 2300 FKN/PPK,FS.S01R,138000_FS.S01R 2025-03-18,2025-03-18,True,2025-03-18 23:00:00,STOPPED_AT,D26S,3,Prospect Park,True,False,2025-03-18 23:04:46
140950_FS.N01R,FS,N,1FS 2329+ PPK/FKN,FS.N01R,140950_FS.N01R 2025-03-18,2025-03-18,False,2025-03-18 23:29:30,STOPPED_AT,S03N,2,Franklin Av,True,False,2025-03-18 23:34:30
140950_FS.N01R,FS,N,1FS 2329+ PPK/FKN,FS.N01R,140950_FS.N01R 2025-03-18,2025-03-18,False,2025-03-18 23:29:30,STOPPED_AT,S01N,3,Franklin Av,True,False,2025-03-18 23:36:30
142000_FS.S01R,FS,S,1FS 2340 FKN/PPK,FS.S01R,142000_FS.S01R 2025-03-18,2025-03-18,False,2025-03-18 23:40:00,IN_TRANSIT_TO,S01S,0,Prospect Park,True,False,2025-03-18 23:40:00
142000_FS.S01R,FS,S,1FS 2340 FKN/PPK,FS.S01R,142000_FS.S01R 2025-03-18,2025-03-18,False,2025-03-18 23:40:00,INCOMING_AT,S01S,0,Prospect Park,True,False,2025-03-18 23:40:00
142000_FS.S01R,FS,S,1FS 2340 FKN/PPK,FS.S01R,142000_FS.S01R 2025-03-18,2025-03-18,False,2025-03-18 23:40:00,STOPPED_AT,S01S,0,Prospect Park,True,False,2025-03-18 23:40:00
142000_FS.S01R,FS,S,1FS 2340 FKN/PPK,FS.S01R,142000_FS.S01R 2025-03-18,2025-03-18,False,2025-03-18 23:40:00,STOPPED_AT,S03S,1,Prospect Park,True,False,2025-03-18 23:42:00
142000_FS.S01R,FS,S,1FS 2340 FKN/PPK,FS.S01R,142000_FS.S01R 2025-03-18,2025-03-18,False,2025-03-18 23:40:00,STOPPED_AT,S04S,2,Prospect Park,True,False,2025-03-18 23:43:30
138000_FS.S01R,FS,S,1FS 2300 FKN/PPK,FS.S01R,138000_FS.S01R 2025-03-18,2025-03-18,True,2025-03-18 23:00:00,STOPPED_AT,D26S,3,Prospect Park,True,False,2025-03-18 23:04:46
142000_FS.S01R,FS,S,1FS 2340 FKN/PPK,FS.S01R,142000_FS.S01R 2025-03-18,2025-03-18,False,2025-03-18 23:40:00,STOPPED_AT,D26S,3,Prospect Park,True,False,2025-03-18 23:46:30
138000_FS.S01R,FS,S,1FS 2300 FKN/PPK,FS.S01R,138000_FS.S01R 2025-03-18,2025-03-18,True,2025-03-18 23:00:00,STOPPED_AT,D26S,3,Prospect Park,True,False,2025-03-18 23:04:46
142000_FS.S01R,FS,S,1FS 2340 FKN/PPK,FS.S01R,142000_FS.S01R 2025-03-18,2025-03-18,False,2025-03-18 23:40:00,STOPPED_AT,D26S,3,Prospect Park,True,False,2025-03-18 23:46:30
