136850_J..S12R,J,S,1J 2248+ P-A/BRD,J..S12R,136850_J..S12R 2025-03-18,2025-03-18,True,2025-03-18 22:48:30,STOPPED_AT,M18S,24,Broad St,True,False,2025-03-18 23:35:50
137900_J..N41R,J,N,1J 2259 BRD/P-A,J..N41R,137900_J..N41R 2025-03-18,2025-03-18,True,2025-03-18 22:59:00,STOPPED_AT,J20N,20,Jamaica Center-Parsons/Archer,True,False,2025-03-18 23:35:45
138350_J..S12R,J,S,1J 2303+ P-A/BRD,J..S12R,138350_J..S12R 2025-03-18,2025-03-18,True,2025-03-18 23:03:30,STOPPED_AT,M12S,20,Broad St,True,False,2025-03-18 23:35:50
139100_J..N41R,J,N,1J 2311 BRD/P-A,J..N41R,139100_J..N41R 2025-03-18,2025-03-18,True,2025-03-18 23:11:00,STOPPED_AT,J29N,13,Jamaica Center-Parsons/Archer,True,False,2025-03-18 23:35:50
140300_J..N41R,J,N,1J 2323 BRD/P-A,J..N41R,140300_J..N41R 2025-03-18,2025-03-18,True,2025-03-18 23:23:00,STOPPED_AT,M16N,6,Jamaica Center-Parsons/Archer,True,False,2025-03-18 23:35:50
141350_J..S12R,J,S,1J 2333+ P-A/BRD,J..S12R,141350_J..S12R 2025-03-18,2025-03-18,True,2025-03-18 23:33:30,STOPPED_AT,G06S,1,Broad St,True,False,2025-03-18 23:35:05
136700_J..N41R,J,N,1J 2247 BRD/P-A,J..N41R,136700_J..N41R 2025-03-18,2025-03-18,True,2025-03-18 22:47:00,STOPPED_AT,J12N,27,Jamaica Center-Parsons/Archer,True,False,2025-03-18 23:37:11
141700_J..N41R,J,N,1J 2337 BRD/P-A,J..N41R,141700_J..N41R 2025-03-18,2025-03-18,False,2025-03-18 23:37:00,IN_TRANSIT_TO,M23N,0,Jamaica Center-Parsons/Archer,True,False,2025-03-18 23:37:00
138350_J..S12R,J,S,1J 2303+ P-A/BRD,J..S12R,138350_J..S12R 2025-03-18,2025-03-18,True,2025-03-18 23:03:30,STOPPED_AT,M13S,21,Broad St,True,False,2025-03-18 23:36:15
139850_J..S12R,J,S,1J 2318+ P-A/BRD,J..S12R,139850_J..S12R 2025-03-18,2025-03-18,True,2025-03-18 23:18:30,STOPPED_AT,J22S,11,Broad St,True,False,2025-03-18 23:37:24
141700_J..N41R,J,N,1J 2337 BRD/P-A,J..N41R,141700_J..N41R 2025-03-18,2025-03-18,False,2025-03-18 23:37:00,INCOMING_AT,M23N,0,Jamaica Center-Parsons/Archer,True,False,2025-03-18 23:37:00
141350_J..S12R,J,S,1J 2333+ P-A/BRD,J..S12R,141350_J..S12R 2025-03-18,2025-03-18,True,2025-03-18 23:33:30,STOPPED_AT,J12S,2,Broad St,True,False,2025-03-18 23:36:25
136850_J..S12R,J,S,1J 2248+ P-A/BRD,J..S12R,136850_J..S12R 2025-03-18,2025-03-18,True,2025-03-18 22:48:30,STOPPED_AT,M19S,25,Broad St,True,False,2025-03-18 23:36:37
141700_J..N41R,J,N,1J 2337 BRD/P-A,J..N41R,141700_J..N41R 2025-03-18,2025-03-18,False,2025-03-18 23:37:00,STOPPED_AT,M23N,0,Jamaica Center-Parsons/Archer,True,False,2025-03-18 23:37:00
137900_J..N41R,J,N,1J 2259 BRD/P-A,J..N41R,137900_J..N41R 2025-03-18,2025-03-18,True,2025-03-18 22:59:00,STOPPED_AT,J19N,21,Jamaica Center-Parsons/Archer,True,False,2025-03-18 23:37:15
139100_J..N41R,J,N,1J 2311 BRD/P-A,J..N41R,139100_J..N41R 2025-03-18,2025-03-18,True,2025-03-18 23:11:00,STOPPED_AT,J28N,14,Jamaica Center-Parsons/Archer,True,False,2025-03-18 23:37:15
140300_J..N41R,J,N,1J 2323 BRD/P-A,J..N41R,140300_J..N41R 2025-03-18,2025-03-18,True,2025-03-18 23:23:00,STOPPED_AT,M14N,7,Jamaica Center-Parsons/Archer,True,False,2025-03-18 23:37:15
136700_J..N41R,J,N,1J 2247 BRD/P-A,J..N41R,136700_J..N41R 2025-03-18,2025-03-18,True,2025-03-18 22:47:00,STOPPED_AT,G06N,28,Jamaica Center-Parsons/Archer,True,False,2025-03-18 23:38:24
138350_J..S12R,J,S,1J 2303+ P-A/BRD,J..S12R,138350_J..S12R 2025-03-18,2025-03-18,True,2025-03-18 23:03:30,STOPPED_AT,M14S,22,Broad St,True,False,2025-03-18 23:37:26
139850_J..S12R,J,S,1J 2318+ P-A/BRD,J..S12R,139850_J..S12R 2025-03-18,2025-03-18,True,2025-03-18 23:18:30,STOPPED_AT,J23S,12,Broad St,True,False,2025-03-18 23:37:25
141700_J..N41R,J,N,1J 2337 BRD/P-A,J..N41R,141700_J..N41R 2025-03-18,2025-03-18,True,2025-03-18 23:37:00,STOPPED_AT,M22N,1,Jamaica Center-Parsons/Archer,True,False,2025-03-18 23:37:53
141700_J..N41R,J,N,1J 2337 BRD/P-A,J..N41R,141700_J..N41R 2025-03-18,2025-03-18,True,2025-03-18 23:37:00,STOPPED_AT,M21N,2,Jamaica Center-Parsons/Archer,True,False,2025-03-18 23:38:00
141350_J..S12R,J,S,1J 2333+ P-A/BRD,J..S12R,141350_J..S12R 2025-03-18,2025-03-18,True,2025-03-18 23:33:30,STOPPED_AT,J13S,3,Broad St,True,False,2025-03-18 23:38:15
136850_J..S12R,J,S,1J 2248+ P-A/BRD,J..S12R,136850_J..S12R 2025-03-18,2025-03-18,True,2025-03-18 22:48:30,STOPPED_AT,M20S,26,Broad St,True,False,2025-03-18 23:38:25
138350_J..S12R,J,S,1J 2303+ P-A/BRD,J..S12R,138350_J..S12R 2025-03-18,2025-03-18,True,2025-03-18 23:03:30,STOPPED_AT,M16S,23,Broad St,True,False,2025-03-18 23:38:25
139850_J..S12R,J,S,1J 2318+ P-A/BRD,J..S12R,139850_J..S12R 2025-03-18,2025-03-18,True,2025-03-18 23:18:30,STOPPED_AT,J24S,13,Broad St,True,False,2025-03-18 23:38:50
136700_J..N41R,J,N,1J 2247 BRD/P-A,J..N41R,136700_J..N41R 2025-03-18,2025-03-18,True,2025-03-18 22:47:00,STOPPED_AT,G05N,29,Jamaica Center-Parsons/Archer,True,False,2025-03-18 23:38:55
139100_J..N41R,J,N,1J 2311 BRD/P-A,J..N41R,139100_J..N41R 2025-03-18,2025-03-18,True,2025-03-18 23:11:00,STOPPED_AT,J27N,15,Jamaica Center-Parsons/Archer,True,False,2025-03-18 23:39:00
137900_J..N41R,J,N,1J 2259 BRD/P-A,J..N41R,137900_J..N41R 2025-03-18,2025-03-18,True,2025-03-18 22:59:00,STOPPED_AT,J17N,22,Jamaica Center-Parsons/Archer,True,False,2025-03-18 23:39:15
140300_J..N41R,J,N,1J 2323 BRD/P-A,J..N41R,140300_J..N41R 2025-03-18,2025-03-18,True,2025-03-18 23:23:00,STOPPED_AT,M13N,8,Jamaica Center-Parsons/Archer,True,False,2025-03-18 23:39:15
136850_J..S12R,J,S,1J 2248+ P-A/BRD,J..S12R,136850_J..S12R 2025-03-18,2025-03-18,True,2025-03-18 22:48:30,STOPPED_AT,M21S,27,Broad St,True,False,2025-03-18 23:39:50
141350_J..S12R,J,S,1J 2333+ P-A/BRD,J..S12R,141350_J..S12R 2025-03-18,2025-03-18,True,2025-03-18 23:33:30,STOPPED_AT,J14S,4,Broad St,True,False,2025-03-18 23:39:50
141700_J..N41R,J,N,1J 2337 BRD/P-A,J..N41R,141700_J..N41R 2025-03-18,2025-03-18,True,2025-03-18 23:37:00,STOPPED_AT,M20N,3,Jamaica Center-Parsons/Archer,True,False,2025-03-18 23:40:27
139100_J..N41R,J,N,1J 2311 BRD/P-A,J..N41R,139100_J..N41R 2025-03-18,2025-03-18,True,2025-03-18 23:11:00,STOPPED_AT,J24N,16,Jamaica Center-Parsons/Archer,True,False,2025-03-18 23:40:50
140300_J..N41R,J,N,1J 2323 BRD/P-A,J..N41R,140300_J..N41R 2025-03-18,2025-03-18,True,2025-03-18 23:23:00,STOPPED_AT,M12N,9,Jamaica Center-Parsons/Archer,True,False,2025-03-18 23:40:50
139850_J..S12R,J,S,1J 2318+ P-A/BRD,J..S12R,139850_J..S12R 2025-03-18,2025-03-18,True,2025-03-18 23:18:30,STOPPED_AT,J27S,14,Broad St,True,False,2025-03-18 23:41:02
141350_J..S12R,J,S,1J 2333+ P-A/BRD,J..S12R,141350_J..S12R 2025-03-18,2025-03-18,True,2025-03-18 23:33:30,STOPPED_AT,J15S,5,Broad St,True,False,2025-03-18 23:40:59
136850_J..S12R,J,S,1J 2248+ P-A/BRD,J..S12R,136850_J..S12R 2025-03-18,2025-03-18,True,2025-03-18 22:48:30,STOPPED_AT,M22S,28,Broad St,True,False,2025-03-18 23:41:25
137900_J..N41R,J,N,1J 2259 BRD/P-A,J..N41R,137900_J..N41R 2025-03-18,2025-03-18,True,2025-03-18 22:59:00,STOPPED_AT,J15N,24,Jamaica Center-Parsons/Archer,True,False,2025-03-18 23:43:20
140300_J..N41R,J,N,1J 2323 BRD/P-A,J..N41R,140300_J..N41R 2025-03-18,2025-03-18,True,2025-03-18 23:23:00,STOPPED_AT,M11N,10,Jamaica Center-Parsons/Archer,True,False,2025-03-18 23:42:15
141700_J..N41R,J,N,1J 2337 BRD/P-A,J..N41R,141700_J..N41R 2025-03-18,2025-03-18,True,2025-03-18 23:37:00,STOPPED_AT,M19N,4,Jamaica Center-Parsons/Archer,True,False,2025-03-18 23:42:15
136850_J..S12R,J,S,1J 2248+ P-A/BRD,J..S12R,136850_J..S12R 2025-03-18,2025-03-18,True,2025-03-18 22:48:30,STOPPED_AT,M23S,29,Broad St,True,False,2025-03-18 23:42:51
139850_J..S12R,J,S,1J 2318+ P-A/BRD,J..S12R,139850_J..S12R 2025-03-18,2025-03-18,True,2025-03-18 23:18:30,STOPPED_AT,J28S,15,Broad St,True,False,2025-03-18 23:42:51
139100_J..N41R,J,N,1J 2311 BRD/P-A,J..N41R,139100_J..N41R 2025-03-18,2025-03-18,True,2025-03-18 23:11:00,STOPPED_AT,J23N,17,Jamaica Center-Parsons/Archer,True,False,2025-03-18 23:43:15
141350_J..S12R,J,S,1J 2333+ P-A/BRD,J..S12R,141350_J..S12R 2025-03-18,2025-03-18,True,2025-03-18 23:33:30,STOPPED_AT,J17S,7,Broad St,True,False,2025-03-18 23:44:32
137900_J..N41R,J,N,1J 2259 BRD/P-A,J..N41R,137900_J..N41R 2025-03-18,2025-03-18,True,2025-03-18 22:59:00,STOPPED_AT,J14N,25,Jamaica Center-Parsons/Archer,True,False,2025-03-18 23:44:45
141350_J..S12R,J,S,1J 2333+ P-A/BRD,J..S12R,141350_J..S12R 2025-03-18,2025-03-18,True,2025-03-18 23:33:30,STOPPED_AT,J19S,8,Broad St,True,False,2025-03-18 23:44:45
140300_J..N41R,J,N,1J 2323 BRD/P-A,J..N41R,140300_J..N41R 2025-03-18,2025-03-18,True,2025-03-18 23:23:00,STOPPED_AT,J31N,11,Jamaica Center-Parsons/Archer,True,False,2025-03-18 23:43:51
139850_J..S12R,J,S,1J 2318+ P-A/BRD,J..S12R,139850_J..S12R 2025-03-18,2025-03-18,True,2025-03-18 23:18:30,STOPPED_AT,J29S,16,Broad St,True,False,2025-03-18 23:44:15
141700_J..N41R,J,N,1J 2337 BRD/P-A,J..N41R,141700_J..N41R 2025-03-18,2025-03-18,True,2025-03-18 23:37:00,STOPPED_AT,M18N,5,Jamaica Center-Parsons/Archer,True,False,2025-03-18 23:44:15
138350_J..S12R,J,S,1J 2303+ P-A/BRD,J..S12R,138350_J..S12R 2025-03-18,2025-03-18,True,2025-03-18 23:03:30,STOPPED_AT,M18S,24,Broad St,True,False,2025-03-18 23:44:25
139100_J..N41R,J,N,1J 2311 BRD/P-A,J..N41R,139100_J..N41R 2025-03-18,2025-03-18,True,2025-03-18 23:11:00,STOPPED_AT,J21N,19,Jamaica Center-Parsons/Archer,True,False,2025-03-18 23:44:50
137900_J..N41R,J,N,1J 2259 BRD/P-A,J..N41R,137900_J..N41R 2025-03-18,2025-03-18,True,2025-03-18 22:59:00,STOPPED_AT,J13N,26,Jamaica Center-Parsons/Archer,True,False,2025-03-18 23:46:22
140300_J..N41R,J,N,1J 2323 BRD/P-A,J..N41R,140300_J..N41R 2025-03-18,2025-03-18,True,2025-03-18 23:23:00,STOPPED_AT,J30N,12,Jamaica Center-Parsons/Archer,True,False,2025-03-18 23:45:26
139850_J..S12R,J,S,1J 2318+ P-A/BRD,J..S12R,139850_J..S12R 2025-03-18,2025-03-18,True,2025-03-18 23:18:30,STOPPED_AT,J30S,17,Broad St,True,False,2025-03-18 23:45:50
138350_J..S12R,J,S,1J 2303+ P-A/BRD,J..S12R,138350_J..S12R 2025-03-18,2025-03-18,True,2025-03-18 23:03:30,STOPPED_AT,M19S,25,Broad St,True,False,2025-03-18 23:46:50
139100_J..N41R,J,N,1J 2311 BRD/P-A,J..N41R,139100_J..N41R 2025-03-18,2025-03-18,True,2025-03-18 23:11:00,STOPPED_AT,J20N,20,Jamaica Center-Parsons/Archer,True,False,2025-03-18 23:46:50
139850_J..S12R,J,S,1J 2318+ P-A/BRD,J..S12R,139850_J..S12R 2025-03-18,2025-03-18,True,2025-03-18 23:18:30,STOPPED_AT,J30S,17,Broad St,True,False,2025-03-18 23:46:50
140300_J..N41R,J,N,1J 2323 BRD/P-A,J..N41R,140300_J..N41R 2025-03-18,2025-03-18,True,2025-03-18 23:23:00,STOPPED_AT,J29N,13,Jamaica Center-Parsons/Archer,True,False,2025-03-18 23:46:50
141700_J..N41R,J,N,1J 2337 BRD/P-A,J..N41R,141700_J..N41R 2025-03-18,2025-03-18,True,2025-03-18 23:37:00,STOPPED_AT,M18N,5,Jamaica Center-Parsons/Archer,True,False,2025-03-18 23:46:15
137900_J..N41R,J,N,1J 2259 BRD/P-A,J..N41R,137900_J..N41R 2025-03-18,2025-03-18,True,2025-03-18 22:59:00,STOPPED_AT,J12N,27,Jamaica Center-Parsons/Archer,True,False,2025-03-18 23:48:11
139850_J..S12R,J,S,1J 2318+ P-A/BRD,J..S12R,139850_J..S12R 2025-03-18,2025-03-18,True,2025-03-18 23:18:30,STOPPED_AT,J31S,18,Broad St,True,False,2025-03-18 23:47:00
141350_J..S12R,J,S,1J 2333+ P-A/BRD,J..S12R,141350_J..S12R 2025-03-18,2025-03-18,True,2025-03-18 23:33:30,STOPPED_AT,J19S,8,Broad St,True,False,2025-03-18 23:48:09
