134800_E..N05R,E,N,1E 2228 WTC/P-A,E..N05R,134800_E..N05R 2025-03-18,2025-03-18,True,2025-03-18 22:28:00,STOPPED_AT,G07N,29,Jamaica Center-Parsons/Archer,True,False,2025-03-18 23:35:35
136166_E..S04R,E,S,1E 2241+ P-A/WTC,E..S04R,136166_E..S04R 2025-03-18,2025-03-18,True,2025-03-18 22:41:39.600000,STOPPED_AT,A28S,25,World Trade Center,True,False,2025-03-18 23:35:35
135800_E..N05R,E,N,1E 2238 WTC/P-A,E..N05R,135800_E..N05R 2025-03-18,2025-03-18,True,2025-03-18 22:38:00,STOPPED_AT,F06N,27,Jamaica Center-Parsons/Archer,True,False,2025-03-18 23:35:39
137333_E..S04R,E,S,1E 2253 P-A/WTC,E..S04R,137333_E..S04R 2025-03-18,2025-03-18,True,2025-03-18 22:53:19.800000,STOPPED_AT,F09S,19,World Trade Center,True,False,2025-03-18 23:34:20
136800_E..N05R,E,N,1E 2248 WTC/P-A,E..N05R,136800_E..N05R 2025-03-18,2025-03-18,True,2025-03-18 22:48:00,STOPPED_AT,G13N,20,Jamaica Center-Parsons/Archer,True,False,2025-03-18 23:35:35
137600_E..N05R,E,N,1E 2256 WTC/P-A,E..N05R,137600_E..N05R 2025-03-18,2025-03-18,True,2025-03-18 22:56:00,STOPPED_AT,G20N,14,Jamaica Center-Parsons/Archer,True,False,2025-03-18 23:35:35
138500_E..S04R,E,S,1E 2305 P-A/WTC,E..S04R,138500_E..S04R 2025-03-18,2025-03-18,True,2025-03-18 23:05:00,STOPPED_AT,G19S,16,World Trade Center,True,False,2025-03-18 23:35:35
138800_E..N05R,E,N,1E 2308 WTC/P-A,E..N05R,138800_E..N05R 2025-03-18,2025-03-18,True,2025-03-18 23:08:00,STOPPED_AT,F11N,11,Jamaica Center-Parsons/Archer,True,False,2025-03-18 23:35:35
139650_E..S04R,E,S,1E 2316+ P-A/WTC,E..S04R,139650_E..S04R 2025-03-18,2025-03-18,True,2025-03-18 23:16:30,STOPPED_AT,G11S,9,World Trade Center,True,False,2025-03-18 23:35:35
140850_E..S04R,E,S,1E 2328+ P-A/WTC,E..S04R,140850_E..S04R 2025-03-18,2025-03-18,True,2025-03-18 23:28:30,STOPPED_AT,G06S,1,World Trade Center,True,False,2025-03-18 23:35:30
139800_E..N05R,E,N,1E 2318 WTC/P-A,E..N05R,139800_E..N05R 2025-03-18,2025-03-18,True,2025-03-18 23:18:00,STOPPED_AT,A27N,7,Jamaica Center-Parsons/Archer,True,False,2025-03-18 23:35:35
140900_E..N05R,E,N,1E 2329 WTC/P-A,E..N05R,140900_E..N05R 2025-03-18,2025-03-18,True,2025-03-18 23:29:00,STOPPED_AT,A33N,2,Jamaica Center-Parsons/Archer,True,False,2025-03-18 23:35:35
140850_E..S04R,E,S,1E 2328+ P-A/WTC,E..S04R,140850_E..S04R 2025-03-18,2025-03-18,True,2025-03-18 23:28:30,STOPPED_AT,G07S,2,World Trade Center,True,False,2025-03-18 23:35:50
140900_E..N05R,E,N,1E 2329 WTC/P-A,E..N05R,140900_E..N05R 2025-03-18,2025-03-18,True,2025-03-18 23:29:00,STOPPED_AT,A32N,3,Jamaica Center-Parsons/Archer,True,False,2025-03-18 23:36:15
138500_E..S04R,E,S,1E 2305 P-A/WTC,E..S04R,138500_E..S04R 2025-03-18,2025-03-18,True,2025-03-18 23:05:00,STOPPED_AT,G20S,17,World Trade Center,True,False,2025-03-18 23:36:50
139650_E..S04R,E,S,1E 2316+ P-A/WTC,E..S04R,139650_E..S04R 2025-03-18,2025-03-18,True,2025-03-18 23:16:30,STOPPED_AT,G12S,10,World Trade Center,True,False,2025-03-18 23:37:00
136166_E..S04R,E,S,1E 2241+ P-A/WTC,E..S04R,136166_E..S04R 2025-03-18,2025-03-18,True,2025-03-18 22:41:39.600000,STOPPED_AT,A30S,26,World Trade Center,True,False,2025-03-18 23:37:15
136800_E..N05R,E,N,1E 2248 WTC/P-A,E..N05R,136800_E..N05R 2025-03-18,2025-03-18,True,2025-03-18 22:48:00,STOPPED_AT,G12N,21,Jamaica Center-Parsons/Archer,True,False,2025-03-18 23:37:15
134800_E..N05R,E,N,1E 2228 WTC/P-A,E..N05R,134800_E..N05R 2025-03-18,2025-03-18,True,2025-03-18 22:28:00,STOPPED_AT,G06N,30,Jamaica Center-Parsons/Archer,True,False,2025-03-18 23:37:35
139800_E..N05R,E,N,1E 2318 WTC/P-A,E..N05R,139800_E..N05R 2025-03-18,2025-03-18,True,2025-03-18 23:18:00,STOPPED_AT,A25N,8,Jamaica Center-Parsons/Archer,True,False,2025-03-18 23:37:36
135800_E..N05R,E,N,1E 2238 WTC/P-A,E..N05R,135800_E..N05R 2025-03-18,2025-03-18,True,2025-03-18 22:38:00,STOPPED_AT,F05N,28,Jamaica Center-Parsons/Archer,True,False,2025-03-18 23:37:50
137600_E..N05R,E,N,1E 2256 WTC/P-A,E..N05R,137600_E..N05R 2025-03-18,2025-03-18,True,2025-03-18 22:56:00,STOPPED_AT,G19N,15,Jamaica Center-Parsons/Archer,True,False,2025-03-18 23:38:25
140850_E..S04R,E,S,1E 2328+ P-A/WTC,E..S04R,140850_E..S04R 2025-03-18,2025-03-18,True,2025-03-18 23:28:30,STOPPED_AT,F05S,3,World Trade Center,True,False,2025-03-18 23:38:25
140900_E..N05R,E,N,1E 2329 WTC/P-A,E..N05R,140900_E..N05R 2025-03-18,2025-03-18,True,2025-03-18 23:29:00,STOPPED_AT,A31N,4,Jamaica Center-Parsons/Archer,True,False,2025-03-18 23:38:25
136166_E..S04R,E,S,1E 2241+ P-A/WTC,E..S04R,136166_E..S04R 2025-03-18,2025-03-18,True,2025-03-18 22:41:39.600000,STOPPED_AT,A31S,27,World Trade Center,True,False,2025-03-18 23:38:35
139650_E..S04R,E,S,1E 2316+ P-A/WTC,E..S04R,139650_E..S04R 2025-03-18,2025-03-18,True,2025-03-18 23:16:30,STOPPED_AT,G13S,11,World Trade Center,True,False,2025-03-18 23:38:39
136800_E..N05R,E,N,1E 2248 WTC/P-A,E..N05R,136800_E..N05R 2025-03-18,2025-03-18,True,2025-03-18 22:48:00,STOPPED_AT,G11N,22,Jamaica Center-Parsons/Archer,True,False,2025-03-18 23:39:00
134800_E..N05R,E,N,1E 2228 WTC/P-A,E..N05R,134800_E..N05R 2025-03-18,2025-03-18,True,2025-03-18 22:28:00,STOPPED_AT,G05N,31,Jamaica Center-Parsons/Archer,True,False,2025-03-18 23:39:15
139800_E..N05R,E,N,1E 2318 WTC/P-A,E..N05R,139800_E..N05R 2025-03-18,2025-03-18,True,2025-03-18 23:18:00,STOPPED_AT,D14N,9,Jamaica Center-Parsons/Archer,True,False,2025-03-18 23:39:35
135800_E..N05R,E,N,1E 2238 WTC/P-A,E..N05R,135800_E..N05R 2025-03-18,2025-03-18,True,2025-03-18 22:38:00,STOPPED_AT,G07N,29,Jamaica Center-Parsons/Archer,True,False,2025-03-18 23:39:50
138500_E..S04R,E,S,1E 2305 P-A/WTC,E..S04R,138500_E..S04R 2025-03-18,2025-03-18,True,2025-03-18 23:05:00,STOPPED_AT,G21S,18,World Trade Center,True,False,2025-03-18 23:39:50
136166_E..S04R,E,S,1E 2241+ P-A/WTC,E..S04R,136166_E..S04R 2025-03-18,2025-03-18,True,2025-03-18 22:41:39.600000,STOPPED_AT,A32S,28,World Trade Center,True,False,2025-03-18 23:40:25
137333_E..S04R,E,S,1E 2253 P-A/WTC,E..S04R,137333_E..S04R 2025-03-18,2025-03-18,True,2025-03-18 22:53:19.800000,STOPPED_AT,F11S,20,World Trade Center,True,False,2025-03-18 23:40:26
139650_E..S04R,E,S,1E 2316+ P-A/WTC,E..S04R,139650_E..S04R 2025-03-18,2025-03-18,True,2025-03-18 23:16:30,STOPPED_AT,G14S,12,World Trade Center,True,False,2025-03-18 23:40:25
136800_E..N05R,E,N,1E 2248 WTC/P-A,E..N05R,136800_E..N05R 2025-03-18,2025-03-18,True,2025-03-18 22:48:00,STOPPED_AT,G10N,23,Jamaica Center-Parsons/Archer,True,False,2025-03-18 23:40:35
139800_E..N05R,E,N,1E 2318 WTC/P-A,E..N05R,139800_E..N05R 2025-03-18,2025-03-18,True,2025-03-18 23:18:00,STOPPED_AT,F12N,10,Jamaica Center-Parsons/Archer,True,False,2025-03-18 23:40:39
135800_E..N05R,E,N,1E 2238 WTC/P-A,E..N05R,135800_E..N05R 2025-03-18,2025-03-18,True,2025-03-18 22:38:00,STOPPED_AT,G06N,30,Jamaica Center-Parsons/Archer,True,False,2025-03-18 23:41:35
137600_E..N05R,E,N,1E 2256 WTC/P-A,E..N05R,137600_E..N05R 2025-03-18,2025-03-18,True,2025-03-18 22:56:00,STOPPED_AT,G18N,16,Jamaica Center-Parsons/Archer,True,False,2025-03-18 23:41:35
140850_E..S04R,E,S,1E 2328+ P-A/WTC,E..S04R,140850_E..S04R 2025-03-18,2025-03-18,True,2025-03-18 23:28:30,STOPPED_AT,F06S,4,World Trade Center,True,False,2025-03-18 23:41:37
139650_E..S04R,E,S,1E 2316+ P-A/WTC,E..S04R,139650_E..S04R 2025-03-18,2025-03-18,True,2025-03-18 23:16:30,STOPPED_AT,G15S,13,World Trade Center,True,False,2025-03-18 23:41:50
141900_E..N05R,E,N,1E 2339 WTC/P-A,E..N05R,141900_E..N05R 2025-03-18,2025-03-18,False,2025-03-18 23:39:00,STOPPED_AT,A34N,1,Jamaica Center-Parsons/Archer,True,False,2025-03-18 23:41:00
140900_E..N05R,E,N,1E 2329 WTC/P-A,E..N05R,140900_E..N05R 2025-03-18,2025-03-18,True,2025-03-18 23:29:00,STOPPED_AT,A30N,5,Jamaica Center-Parsons/Archer,True,False,2025-03-18 23:42:00
138500_E..S04R,E,S,1E 2305 P-A/WTC,E..S04R,138500_E..S04R 2025-03-18,2025-03-18,True,2025-03-18 23:05:00,STOPPED_AT,F09S,19,World Trade Center,True,False,2025-03-18 23:42:15
142350_E..S04R,E,S,1E 2343+ P-A/WTC,E..S04R,142350_E..S04R 2025-03-18,2025-03-18,False,2025-03-18 23:43:30,IN_TRANSIT_TO,G05S,0,World Trade Center,True,False,2025-03-18 23:43:30
139800_E..N05R,E,N,1E 2318 WTC/P-A,E..N05R,139800_E..N05R 2025-03-18,2025-03-18,True,2025-03-18 23:18:00,STOPPED_AT,F11N,11,Jamaica Center-Parsons/Archer,True,False,2025-03-18 23:42:26
136166_E..S04R,E,S,1E 2241+ P-A/WTC,E..S04R,136166_E..S04R 2025-03-18,2025-03-18,True,2025-03-18 22:41:39.600000,STOPPED_AT,A33S,29,World Trade Center,True,False,2025-03-18 23:42:50
140850_E..S04R,E,S,1E 2328+ P-A/WTC,E..S04R,140850_E..S04R 2025-03-18,2025-03-18,True,2025-03-18 23:28:30,STOPPED_AT,F07S,5,World Trade Center,True,False,2025-03-18 23:42:50
137333_E..S04R,E,S,1E 2253 P-A/WTC,E..S04R,137333_E..S04R 2025-03-18,2025-03-18,True,2025-03-18 22:53:19.800000,STOPPED_AT,F12S,21,World Trade Center,True,False,2025-03-18 23:43:00
136800_E..N05R,E,N,1E 2248 WTC/P-A,E..N05R,136800_E..N05R 2025-03-18,2025-03-18,True,2025-03-18 22:48:00,STOPPED_AT,G09N,24,Jamaica Center-Parsons/Archer,True,False,2025-03-18 23:43:00
142350_E..S04R,E,S,1E 2343+ P-A/WTC,E..S04R,142350_E..S04R 2025-03-18,2025-03-18,False,2025-03-18 23:43:30,INCOMING_AT,G05S,0,World Trade Center,True,False,2025-03-18 23:43:30
135800_E..N05R,E,N,1E 2238 WTC/P-A,E..N05R,135800_E..N05R 2025-03-18,2025-03-18,True,2025-03-18 22:38:00,STOPPED_AT,G05N,31,Jamaica Center-Parsons/Archer,True,False,2025-03-18 23:43:16
139650_E..S04R,E,S,1E 2316+ P-A/WTC,E..S04R,139650_E..S04R 2025-03-18,2025-03-18,True,2025-03-18 23:16:30,STOPPED_AT,G16S,14,World Trade Center,True,False,2025-03-18 23:43:15
142350_E..S04R,E,S,1E 2343+ P-A/WTC,E..S04R,142350_E..S04R 2025-03-18,2025-03-18,False,2025-03-18 23:43:30,STOPPED_AT,G05S,0,World Trade Center,True,False,2025-03-18 23:43:30
138800_E..N05R,E,N,1E 2308 WTC/P-A,E..N05R,138800_E..N05R 2025-03-18,2025-03-18,True,2025-03-18 23:08:00,STOPPED_AT,F09N,12,Jamaica Center-Parsons/Archer,True,False,2025-03-18 23:43:50
136166_E..S04R,E,S,1E 2241+ P-A/WTC,E..S04R,136166_E..S04R 2025-03-18,2025-03-18,True,2025-03-18 22:41:39.600000,STOPPED_AT,A34S,30,World Trade Center,True,False,2025-03-18 23:44:15
137600_E..N05R,E,N,1E 2256 WTC/P-A,E..N05R,137600_E..N05R 2025-03-18,2025-03-18,True,2025-03-18 22:56:00,STOPPED_AT,G16N,17,Jamaica Center-Parsons/Archer,True,False,2025-03-18 23:44:15
140900_E..N05R,E,N,1E 2329 WTC/P-A,E..N05R,140900_E..N05R 2025-03-18,2025-03-18,True,2025-03-18 23:29:00,STOPPED_AT,A28N,6,Jamaica Center-Parsons/Archer,True,False,2025-03-18 23:44:15
137333_E..S04R,E,S,1E 2253 P-A/WTC,E..S04R,137333_E..S04R 2025-03-18,2025-03-18,True,2025-03-18 22:53:19.800000,STOPPED_AT,D14S,22,World Trade Center,True,False,2025-03-18 23:44:38
142350_E..S04R,E,S,1E 2343+ P-A/WTC,E..S04R,142350_E..S04R 2025-03-18,2025-03-18,True,2025-03-18 23:43:30,STOPPED_AT,G05S,0,World Trade Center,True,False,2025-03-18 23:44:35
136800_E..N05R,E,N,1E 2248 WTC/P-A,E..N05R,136800_E..N05R 2025-03-18,2025-03-18,True,2025-03-18 22:48:00,STOPPED_AT,G08N,25,Jamaica Center-Parsons/Archer,True,False,2025-03-18 23:44:50
139650_E..S04R,E,S,1E 2316+ P-A/WTC,E..S04R,139650_E..S04R 2025-03-18,2025-03-18,True,2025-03-18 23:16:30,STOPPED_AT,G18S,15,World Trade Center,True,False,2025-03-18 23:44:51
142350_E..S04R,E,S,1E 2343+ P-A/WTC,E..S04R,142350_E..S04R 2025-03-18,2025-03-18,True,2025-03-18 23:43:30,STOPPED_AT,G06S,1,World Trade Center,True,False,2025-03-18 23:45:00
140850_E..S04R,E,S,1E 2328+ P-A/WTC,E..S04R,140850_E..S04R 2025-03-18,2025-03-18,True,2025-03-18 23:28:30,STOPPED_AT,G08S,6,World Trade Center,True,False,2025-03-18 23:45:25
140900_E..N05R,E,N,1E 2329 WTC/P-A,E..N05R,140900_E..N05R 2025-03-18,2025-03-18,True,2025-03-18 23:29:00,STOPPED_AT,A27N,7,Jamaica Center-Parsons/Archer,True,False,2025-03-18 23:45:35
136166_E..S04R,E,S,1E 2241+ P-A/WTC,E..S04R,136166_E..S04R 2025-03-18,2025-03-18,True,2025-03-18 22:41:39.600000,STOPPED_AT,E01S,31,World Trade Center,True,False,2025-03-18 23:46:40
137333_E..S04R,E,S,1E 2253 P-A/WTC,E..S04R,137333_E..S04R 2025-03-18,2025-03-18,True,2025-03-18 22:53:19.800000,STOPPED_AT,A25S,23,World Trade Center,True,False,2025-03-18 23:46:50
136800_E..N05R,E,N,1E 2248 WTC/P-A,E..N05R,136800_E..N05R 2025-03-18,2025-03-18,True,2025-03-18 22:48:00,STOPPED_AT,F07N,26,Jamaica Center-Parsons/Archer,True,False,2025-03-18 23:46:50
137600_E..N05R,E,N,1E 2256 WTC/P-A,E..N05R,137600_E..N05R 2025-03-18,2025-03-18,True,2025-03-18 22:56:00,STOPPED_AT,G15N,18,Jamaica Center-Parsons/Archer,True,False,2025-03-18 23:46:50
138500_E..S04R,E,S,1E 2305 P-A/WTC,E..S04R,138500_E..S04R 2025-03-18,2025-03-18,True,2025-03-18 23:05:00,STOPPED_AT,F09S,19,World Trade Center,True,False,2025-03-18 23:45:20
138800_E..N05R,E,N,1E 2308 WTC/P-A,E..N05R,138800_E..N05R 2025-03-18,2025-03-18,True,2025-03-18 23:08:00,STOPPED_AT,G21N,13,Jamaica Center-Parsons/Archer,True,False,2025-03-18 23:46:50
139800_E..N05R,E,N,1E 2318 WTC/P-A,E..N05R,139800_E..N05R 2025-03-18,2025-03-18,True,2025-03-18 23:18:00,STOPPED_AT,F11N,11,Jamaica Center-Parsons/Archer,True,False,2025-03-18 23:46:50
139650_E..S04R,E,S,1E 2316+ P-A/WTC,E..S04R,139650_E..S04R 2025-03-18,2025-03-18,True,2025-03-18 23:16:30,STOPPED_AT,G18S,15,World Trade Center,True,False,2025-03-18 23:46:45
140850_E..S04R,E,S,1E 2328+ P-A/WTC,E..S04R,140850_E..S04R 2025-03-18,2025-03-18,True,2025-03-18 23:28:30,STOPPED_AT,G08S,6,World Trade Center,True,False,2025-03-18 23:46:45
140900_E..N05R,E,N,1E 2329 WTC/P-A,E..N05R,140900_E..N05R 2025-03-18,2025-03-18,True,2025-03-18 23:29:00,STOPPED_AT,A27N,7,Jamaica Center-Parsons/Archer,True,False,2025-03-18 23:46:50
142350_E..S04R,E,S,1E 2343+ P-A/WTC,E..S04R,142350_E..S04R 2025-03-18,2025-03-18,True,2025-03-18 23:43:30,STOPPED_AT,G07S,2,World Trade Center,True,False,2025-03-18 23:46:50
136166_E..S04R,E,S,1E 2241+ P-A/WTC,E..S04R,136166_E..S04R 2025-03-18,2025-03-18,True,2025-03-18 22:41:39.600000,STOPPED_AT,E01S,31,World Trade Center,True,False,2025-03-18 23:46:40
137333_E..S04R,E,S,1E 2253 P-A/WTC,E..S04R,137333_E..S04R 2025-03-18,2025-03-18,True,2025-03-18 22:53:19.800000,STOPPED_AT,A25S,23,World Trade Center,True,False,2025-03-18 23:46:50
136800_E..N05R,E,N,1E 2248 WTC/P-A,E..N05R,136800_E..N05R 2025-03-18,2025-03-18,True,2025-03-18 22:48:00,STOPPED_AT,F07N,26,Jamaica Center-Parsons/Archer,True,False,2025-03-18 23:46:50
137600_E..N05R,E,N,1E 2256 WTC/P-A,E..N05R,137600_E..N05R 2025-03-18,2025-03-18,True,2025-03-18 22:56:00,STOPPED_AT,G15N,18,Jamaica Center-Parsons/Archer,True,False,2025-03-18 23:46:50
138500_E..S04R,E,S,1E 2305 P-A/WTC,E..S04R,138500_E..S04R 2025-03-18,2025-03-18,True,2025-03-18 23:05:00,STOPPED_AT,F09S,19,World Trade Center,True,False,2025-03-18 23:45:20
138800_E..N05R,E,N,1E 2308 WTC/P-A,E..N05R,138800_E..N05R 2025-03-18,2025-03-18,True,2025-03-18 23:08:00,STOPPED_AT,G21N,13,Jamaica Center-Parsons/Archer,True,False,2025-03-18 23:46:50
139800_E..N05R,E,N,1E 2318 WTC/P-A,E..N05R,139800_E..N05R 2025-03-18,2025-03-18,True,2025-03-18 23:18:00,STOPPED_AT,F11N,11,Jamaica Center-Parsons/Archer,True,False,2025-03-18 23:46:50
139650_E..S04R,E,S,1E 2316+ P-A/WTC,E..S04R,139650_E..S04R 2025-03-18,2025-03-18,True,2025-03-18 23:16:30,STOPPED_AT,G18S,15,World Trade Center,True,False,2025-03-18 23:46:45
140850_E..S04R,E,S,1E 2328+ P-A/WTC,E..S04R,140850_E..S04R 2025-03-18,2025-03-18,True,2025-03-18 23:28:30,STOPPED_AT,G08S,6,World Trade Center,True,False,2025-03-18 23:46:45
140900_E..N05R,E,N,1E 2329 WTC/P-A,E..N05R,140900_E..N05R 2025-03-18,2025-03-18,True,2025-03-18 23:29:00,STOPPED_AT,A27N,7,Jamaica Center-Parsons/Archer,True,False,2025-03-18 23:46:50
142350_E..S04R,E,S,1E 2343+ P-A/WTC,E..S04R,142350_E..S04R 2025-03-18,2025-03-18,True,2025-03-18 23:43:30,STOPPED_AT,G07S,2,World Trade Center,True,False,2025-03-18 23:46:50
140850_E..S04R,E,S,1E 2328+ P-A/WTC,E..S04R,140850_E..S04R 2025-03-18,2025-03-18,True,2025-03-18 23:28:30,STOPPED_AT,G09S,7,World Trade Center,True,False,2025-03-18 23:47:02
